0,1,2,3,4,5
タイトル,アーティスト名,ボーカル,最低,最高,備考
嗚呼、素晴らしきニャン生,Nem,GUMI,mid2A#,hiC#,
嗚呼、素晴らしきニャン生,Nem,鏡音レン,mid1G,hiA#,
EYE,Kanaria,GUMI,mid2A,hiF#,
愛言葉,DECO*27,初音ミク,mid2B,hiD,
愛言葉Ⅱ,DECO*27,初音ミク,mid1G,hiD,
愛言葉Ⅲ,DECO*27,初音ミク,mid1G#,hiE,
愛言葉Ⅳ,DECO*27,初音ミク,mid1G#,hiF,
愛して愛して愛して,きくお,初音ミク,mid2A#,hiG#,
Ice breaker,ねじ式,結月ゆかり,mid2D#,hiF,
Ice breaker,ねじ式,IA,mid2D#,hiF,
あいたいあの子に、あわせてあげる。,アメリカ民謡研究会,重音テト,hiA#,hiG#,
あいたいあの子に、あわせてあげる。,アメリカ民謡研究会,小春六花,hiA#,hiG#,
アイディスマイル,とあ,初音ミク,mid1G#,hiF#,
アイディスマイル,とあ,鏡音リン,mid1F#,hiF#,
アイデンティティ,Kanaria,GUMI,mid2A,hiG,
アイデンティティ,Kanaria,初音ミク,mid2A,hiD,
Iなんです,れるりり,初音ミク,mid2C#,hiD#,
曖昧劣情Lover,電ポルP,flower,mid2D,hiF#,
愛迷エレジー,DECO*27,初音ミク,mid2B,hiC,
愛欲のプリズナー,ひとしずくP×やま△,鏡音レン,mid1E,hiA#,
愛欲のプリズナー,ひとしずくP×やま△,鏡音リン,mid2E,hihiA#,
アイラビューアイニジュー,KEI,初音ミク,mid1G,hiE,サビでの最高音はhiD
I♥,Junky,鏡音リン,mid2C,hiA#,
アウターサイエンス,じん(自然の敵P),IA,mid1E,hiE,
阿吽のビーツ,羽生まゐご,flower,mid2A,hihiB,
アサガオの散る頃に,じっぷす,初音ミク,mid2B,hihiC,
アザレアの亡霊,トーマ,初音ミク,mid2A,hihiD,
アスノヨゾラ哨戒班,Orangestar,IA,mid1E,hiF#,アウトロのフェイクでhihiC#出現
アディショナルメモリー,じん,IA,mid2D,hiF#,
アトラクトライト,*Luna,鏡音レン,mid1G,hiF,
貴方だけが、幸せでありますように。,アメリカ民謡研究会,紲星あかり,-,-,メロディーはなくポエトリーリーディングで構成されている
貴方に花を　私に唄を,Re:A&Re:nG,初音ミク,mid2C#,hiF#,サビの最高音はhiF（なま【え】なんていらないよ）
アニマル,DECO*27,初音ミク,mid1F#,hiG,
あの夏が飽和する。,カンザキイオリ,鏡音リン,mid1G,hiG#,
あの夏が飽和する。,カンザキイオリ,鏡音レン,mid1G,hiG#,
甘噛みでおねがい,ピノキオピー,初音ミク,mid2A,hiE,
天ノ弱,164,GUMI,mid2A,hiG#,hiG#はラスサビで2回。ラスサビで転調キー+1、それまでの最高音はhiG。サビはhi域のみで構成される。
雨とペトラ,バルーン,flower,mid2F,hihiA#,
アヤノの幸福理論,じん(自然の敵P),IA,mid1E,hiE,
ARiA,とくP,IA,,hiE,
Alice in N.Y.,ひとしずくP×やま△,鏡音レン,mid1F,hiF#,
Alice in N.Y.,ひとしずくP×やま△,鏡音リン,mid1F,hiF#,
Alice in N.Y.,ひとしずくP×やま△,初音ミク,mid1F,hihiC#,
Alice in N.Y.,ひとしずくP×やま△,GUMI,mid2D#,hiF,
Alice in N.Y.,ひとしずくP×やま△,KAITO,lowG#,mid2A#,
Alice in N.Y.,ひとしずくP×やま△,神威がくぽ,lowG#,mid2C,
Alice in N.Y.,ひとしずくP×やま△,MEIKO,mid2D#,hiA#,
Alice in N.Y.,ひとしずくP×やま△,巡音ルカ,mid2D#,hiF,
Alice in N.Y.,ひとしずくP×やま△,MAYU,mid2D#,hiF,
Alice in N.Y.,ひとしずくP×やま△,IA,mid2D#,hiF,
Alice in Musicland,OSTERproject,初音ミク,mid2A,hiF#,
Alice in Musicland,OSTERproject,鏡音リン,mid2C#,hiE,
Alice in Musicland,OSTERproject,鏡音レン,mid1F#,hiC,
Alice in Musicland,OSTERproject,巡音ルカ,mid2A,hiE,
Alice in Musicland,OSTERproject,KAITO,mid1A#,mid2F#,
Alice in Musicland,OSTERproject,MEIKO,mid2A,hiF#,
Alice in 冷凍庫,Orangestar,IA,mid2F,hihiD,
あわよくばきみの眷属になりたいな,Peg,鏡音リン,mid2C,hiE,
アングレイデイズ,ツミキ,鏡音リン,mid2F#,hihiC#,
アンチグラビティーズ,Sasakure.UK,GUMI,mid1F,hiF,
ANTI THE∞HOLiC,cosMo@暴走P,巡音ルカ,mid1E,hihiF#,
ANTI THE∞HOLiC,cosMo@暴走P,鏡音リン,mid2E,hihiF#,
アンチジョーカー,マイキ,初音ミク,mid2C#,hihiE,
アンドロイドガール,DECO*27,初音ミク,mid1E,hiF#,
アンドロメダアンドロメダ,ナユタン星人,初音ミク,mid2B,hiF#,
アンノウン・マザーグース,wowaka,初音ミク,mid1F#,hihiC#,
アンハッピーバースデイ,かいりきベア,初音ミク,mid2D,hihiA#,
アンハッピーリフレイン,wowaka,初音ミク,mid2E,hihiC,サビでのhihiCに次いで、hihiAがBメロ、hiGがサビで出現。
いーあるふぁんくらぶ,みきとP,GUMI,mid1G,hiD,
いーあるふぁんくらぶ,みきとP,鏡音リン,mid2D,hiA#,
い～やい～やい～や,Neru&z'5,鏡音リン,mid1C,hiC,
い～やい～やい～や,Neru&z'5,鏡音レン,mid1C,hiC,
イガク,原口沙輔,重音テト,mid2D#,hiD#,
イカサマ⇔カジノ,ひとしずくP×やま△,鏡音リン,mid1F,hiE,
イカサマ⇔カジノ,ひとしずくP×やま△,鏡音レン,mid1F,hiC,
イカサマライフゲイム,kemu,GUMI,mid1F,hiF,Cメロ終わりにhihiAのシャウト出現
いかないで,想太,歌愛ユキ,mid2A#,hiC,
異星にいこうね,いよわ,星界,mid1D,hiD,
一騎当千,梅とら,巡音ルカ,mid1G,hiD,
一騎当千,梅とら,初音ミク,mid1G,hiD,
一騎当千,梅とら,GUMI,mid1G,hiD,
一騎当千,梅とら,IA,mid1G,hiD,
一騎当千,梅とら,鏡音リン,mid1G,hiD,
イドラのサーカス,Neru,鏡音リン,mid2C#,hiG#,
命に嫌われている。,カンザキイオリ,初音ミク,mid1G,hiG,
命のユースティティア,Neru,鏡音レン,mid1G#,hiG#,
祈りは空っぽ,Lanndo / ぬゆり,flower,mid1F#,hiF,セルフカバーはオク下±0
威風堂々,梅とら,巡音ルカ,mid1F,hiC,ラップ部分は調査対象外
威風堂々,梅とら,初音ミク,mid2C#,hiD,
威風堂々,梅とら,GUMI,mid2F,hiD,
威風堂々,梅とら,IA,mid1F,hiC,
威風堂々,梅とら,鏡音リン,mid2F,hiC,
今好きになる。,HoneyWorks,初音ミク,mid2B,hiE,
IMITATION BLACK,natsuP,神威がくぽ,mid1B,mid2G,
IMITATION BLACK,natsuP,KAITO,mid1A,mid2F#,
IMITATION BLACK,natsuP,鏡音レン,mid2F#,hiE,
いろは唄,銀サク,鏡音リン,mid2C#,hiF#,
インタビュア,クワガタP,巡音ルカ,mid1F,hiE,
インビジブル,kemu,GUMI,mid2A#,hihiB,hihiBはラストの「今僕はこ【こ】に」のみ。それ以外の最高音はラスサビのhihiA。ラスサビ転調でキー+1。通常サビはhiG#まで。
インビジブル,kemu,鏡音リン,mid2A#,hihiB,
ヴァンパイア,DECO*27,初音ミク,mid2B,hiG#,
ヴィラン,てにをは,flower,mid2A,hiE,
WAVE,niki,Lily,mid2A,hiE,
嘘歌,あわあわp,初音ミク,hiA,hiG,全体にわたってhiF#以上が連発。Bメロ「誰かのお【と】が」「気持【ち】いいよ」が最高音
歌い手様総合テスト,木村わいP,初音ミク,lowlowE,hihihiE,使用音域は驚異の6オクターブ。
歌に形はないけれど,doriko,初音ミク,mid2B,hiF#,ラスサビで転調(+2)。転調前はhiEまで
ウミユリ海底譚,n-buna,初音ミク,mid1F,hihiB,
ウルフィズム,ふぁるすてぃ,flower,mid2A,hiF,
裏表ラバーズ,wowaka,初音ミク,mid2E,hihiB,
え？あぁ、そう。,蝶々P,初音ミク,mid2A#,hiG,
エイリアンエイリアン,ナユタン星人,初音ミク,mid2D,hihiC,
エネの電脳紀行,じん(自然の敵P),IA,mid2B,hihiE,
エバ,柊キライ,flower,mid2C,hihiB,
えれくとりっく・えんじぇぅ,ヤスオP,初音ミク,mid1G#,hiE,
エンヴィキャットウォーク,トーマ,初音ミク,mid2B,hihiA#,
エンヴィーベイビー,Kanaria,GUMI,mid2C#,hiF#,
延命治療,Neru,IA,mid1D,hiG,アルバムVerでは歌唱が鏡音リン・レンとなっている。
おおかみは赤ずきんに恋をした,ひとしずくP×やま△,鏡音レン,mid1C#,hiA,
おおかみは赤ずきんに恋をした,ひとしずくP×やま△,鏡音レン,mid2A,hiE,
オートファジー,柊キライ,flower,mid2A#,hihiA,
オーバーライド,吉田夜世,重音テト,mid1G#,hiC#,
おじゃま虫,DECO*27,初音ミク,mid2B,hiC#,
オツキミリサイタル,じん(自然の敵P),IA,mid2B,hiG#,
乙女解剖,DECO*27,初音ミク,mid2B,hihiC#,
おどりゃんせ,ユリイ・カノン,初音ミク,mid2C#,hihiA#,
おどりゃんせ,ユリイ・カノン,GUMI,mid2C#,hihiA#,
おねがいダーリン,ナナホシ管弦楽団,ONE,mid1G#,hiF#,
オレンジ,トーマ,初音ミク,mid1D,hihiB,
タイトル,アーティスト名,ボーカル,最低,最高,備考
ワールズエンド・ダンスホール,wowaka,初音ミク,mid2C#,hihiC,サビの大半がhiF。
ワールドイズマイン,supercell,初音ミク,mid2A#,hiD#,フェイクでhihiFあり
ワールド・ランプシェード,buzzG,GUMI,mid1G#,hiE,
タイトル,アーティスト名,ボーカル,最低,最高,備考
ガ,鬱P,初音ミク,mid1F,hiC#,
快晴,Orangestar,IA,mid1G#,hihiA#,
革命,Dios(シグナルP),初音ミク,hiA,hihiA,最高音最低音ともに頻出
カゲロウデイズ,じん(自然の敵P),初音ミク,mid2B,hihiC,hihiCはラスサビ1回のみ。
かなしみのなみにおぼれる,Neru,鏡音レン,mid1D,hiG,
可不ちゃんのカレーうどん狂騒曲,南ノ南,可不,mid2C,hiG(hihiE),ずんだもんパートはセリフのみなので音域は存在しない
可不ちゃんのカレーうどん狂騒曲,南ノ南,ずんだもん,-,-,
可不ちゃんのカレーうどん狂騒曲,南ノ南,東北きりたん,mid2D,hiG,
可不ちゃんのカレーうどん狂騒曲,南ノ南,東北ずん子,mid2F#,-,
カプリスキャスト,ユギカ,鳴花ミコト,lowG#,hihiB,
神様からのアンケート,れるりり,初音ミク,mid2A#,hiC,
神様からのアンケート,れるりり,鏡音リン,mid2A#,hiC,
カミサマネジマキ,kemu,GUMI,mid1F#,hiF,
神っぽいな,ピノキオピー,初音ミク,mid2F,hiF,
神のまにまに,れるりり,初音ミク,mid2D#,hiD#,
神のまにまに,れるりり,鏡音リン,mid1G#,hiD#,
神のまにまに,れるりり,GUMI,mid1G#,hiD#,
カムパネルラ,sasakure.UK,GUMI,mid2A#,hiE,
カメレオン,すりぃ,鏡音レン,mid2F,hihiA#,
からくりピエロ,40mP,初音ミク,,,
からくり卍ばーすと,ひとしずくP×やま△,鏡音リン,mid2C,hiF,
からくり卍ばーすと,ひとしずくP×やま△,鏡音レン,mid2C,hiF,
からくりピエロ,40mP,初音ミク,mid2C,hiD,
カンタレラ,黒うさP,KAITO,mid1A#,hiA#,
giga戯画witch,黒澤まどか,鏡音リン,mid2B,hiE,
ギガンティックO.T.N,ギガ,鏡音レン,mid1G#,hiD,
如月アテンション,じん(自然の敵P),IA,mid2A#,hihiA#,
疑心暗鬼,梅とら,巡音ルカ,mid2A,hiD,
疑心暗鬼,梅とら,初音ミク,mid2A,hiC,
疑心暗鬼,梅とら,GUMI,mid2A,hiC,
疑心暗鬼,梅とら,IA,mid2A,hiC,
疑心暗鬼,梅とら,鏡音リン,mid2A,hiC,
Gimme×Gimme,八王子P×ギガ,初音ミク,-,-,ミクはパートは基本ラップで音域は未計測。
Gimme×Gimme,八王子P×ギガ,鏡音リン,mid1G#,hiG(hiG#),
君色に染まる,TOKOTOKO（西沢さんP）,GUMI,mid1G,hiD,
きみも悪い人でよかった,キノピオピー,初音ミク,mid2B,hiG,
キメラ,DECO*27,初音ミク,mid2C#,hihiA,
キャットラビング,香椎モイミ,可不,mid1F#,hiD,
キャラバン,syudou,初音ミク,mid2F,hihiA#,
Q,椎名もた,鏡音リン,mid2A,hihiA,
きゅうくらりん,いよわ,可不,mid2B,hiF,
キュートなカノジョ,syudou,可不,mid2E,hihiC#,
キューピット,Kai,初音ミク,mid2A#,hihiB,
強風オールバック,ゆこぴ,歌愛ユキ,mid1G,hiB,
KILLER B,梅とら,初音ミク,mid2C,hiC,
KILLER B,梅とら,鏡音リン,mid2C,hiC,
KILLER B,梅とら,巡音ルカ,mid2C,hiC,
KILLER B,梅とら,GUMI,mid2C,hiC,
KILLER B,梅とら,IA,mid2C,hiC,
KING,Kanaria,GUMI,mid1G,hiG,
金星のダンス,ナユタン星人,初音ミク,mid2E,hihiB,
金曜日のおはよう,HoneyWorks,GUMI,mid2A#,hiC,
QUEEN,Kanaria,GUMI,mid2A#,hiG#,
クイーンオブハート,奏音69,巡音ルカ,mid1F,hiG,
クィホーティ,エイハブ,可不,mid2C,hiF,
空想庭園依存症,cosMo(暴走P),鏡音リン,mid1G#,hihiD,ラスサビで転調+1涙さえかれ【て】しまう【hihiD】ラスサビ最後hihiAロングトーン
空奏列車,Orangestar,IA,mid2D,hiG#,
九龍レトロ,トーマ,GUMI,mid2C,hihiC,
くたばれPTA,梨本P,初音ミク,mid1G,hiF,
グッバイ宣言,Chinozo,flower,mid2C,hihiC,
クラブ=マジェスティ,nyanyannya,鏡音レン,mid1C,hihiA#,
Crazy ∞ nighT,ひとしずく×やまP,初音ミク,mid2B,hihiC#,
Crazy ∞ nighT,ひとしずく×やまP,鏡音リン,mid2C,hihiC#,
Crazy ∞ nighT,ひとしずく×やまP,鏡音レン,mid2C,hihiC#,
Crazy ∞ nighT,ひとしずく×やまP,巡音ルカ,mid1G,hiC#,
Crazy ∞ nighT,ひとしずく×やまP,KAITO,lowG,mid2C#,
Crazy ∞ nighT,ひとしずく×やまP,MEIKO,mid2F,hiC#,
Crazy ∞ nighT,ひとしずく×やまP,GUMI,mid2C,hiC#,
Crazy ∞ nighT,ひとしずく×やまP,神威がくぽ,lowG,mid2C#,
黒猫,赤髪,GUMI,mid2D,hiE,
GETCHA!,Giga & KIRA,初音ミク,mid1G#,hiF,
GETCHA!,Giga & KIRA,GUMi,mid1G#,hihiA#,
ケッペキショウ,すこっぷ,GUMI,mid2D#,hiD#,
恋スルVOC@LOID,OSTER project,初音ミク,mid2C#,hihiC#,UGAにも入曲済。
恋空予報,電ポルP,GUMI,mid2C,hiD#,
恋は戦争,supercell,初音ミク,mid2A,hiD,サビでhiD連発
高音厨音域テスト,木村わいP,初音ミク,mid2A,hihihiE,10周年アカペラVer.は最高音hihihihiA
高音厨音域テスト(喉に優しい Ver.),木村わいP,初音ミク,mid2B,hiC,
幸福な死を,きくお,初音ミク,mid2C#,hihiC,
ゴーストルール,DECO*27,初音ミク,mid2A,hiF#,
コールボーイ,syudou,初音ミク,mid2D#,hiG#,
ココロ,トラボルタ,鏡音リン,mid2B,hiG,サビの最高音はhiC（かそ【く】する奇跡）
心倣し,蝶々P,GUMI,mid2A,hihiA,
古書屋敷殺人事件,てにをは,初音ミク,mid2A,hiD,
こちら、幸福安心委員会です。,うたたP,初音ミク,,,
孤独の宗教,syudou,初音ミク,hiB,hihiD,
Connecting,halyosy,初音ミク,mid2D,hiG,
Connecting,halyosy,巡音ルカ,mid2A,hiF#,
Connecting,halyosy,KAITO,mid1A#,mid2F#,
Connecting,halyosy,鏡音レン,mid2A#,hiF#,
Connecting,halyosy,鏡音リン,mid2D#,hiG,
Connecting,halyosy,MEIKO,mid2A#,hiF#,
コノハの世界事情,じん(自然の敵P),初音ミク,mid2D,hihiD,
コノハの世界事情,じん(自然の敵P),IA,mid2D,hihiD,
昏迷の味,savasti,flower,mid2C#,hiD#,
タイトル,アーティスト名,ボーカル,最低,最高,備考
Circles,KIRA,GUMI,mid2B,hihiA,
Surges,orangester,IA,mid1F,hihiA,
Surges,orangester,初音ミク,mid2C,hiD,
再会,はるまきごはん,初音ミク,mid1G#,hiG#,
再教育,Neru,鏡音リン,mid1F#,hiD#,
再教育,Neru,鏡音レン,mid2C,hiD#,
サイノウサンプラー,電ポルP,初音ミク,mid2C#,hiC#,
サイバーパンクデッドボーイ,マイキP,初音ミク,mid2A#,hihiE,
サイハテ,小林オニキス,初音ミク,mid2B,hiB,サビでhiB連発。
桜前線異常ナシ,ワタルP,初音ミク,mid2D#,hihiC,
桜ノ雨,halyosy,初音ミク,mid1F#,hiD,
さっさかサレンダー,メドミア,初音ミク,mid2B,hiG#,
THE DYING MESSAGE,鬱P,鏡音リン,mid2C#,hiD#,鏡音リンの曲。デスヴォイスは調査対象外。
サッドガール・セックス,DECO*27,初音ミク,mid2B,hiD#,
サディスティック・ラブ,Junky,鏡音リン,mid2A,hiE,
The Beast.,スペクタクルP,初音ミク,mid1E,hiD,
サマータイムレコード,じん(自然の敵P),IA,mid1E,hiF#,
Summering,じん,初音ミク,mid1F#,hiD#,
ザムザ,てにをは,初音ミク,mid1G,hiF,
小夜子,みきとP,初音ミク,mid2A#,hiC,
サラマンダー,DECO*27,初音ミク,mid2D,hiF,
サリシノハラ,みきとP,初音ミク,mid1F,hiC#,
サルでもわかる,アゴアニキ,鏡音リン,mid1G#,hiC#,鏡音リンの曲。サビ「【サ】 {ルで}もわかる息のし{かた}」【hiC#】{hiB}
懺悔参り,羽生まゐご,flower,mid2A,hihiB,
サンドリヨン,シグナルP,初音ミク,mid2A,hiG,
サンドリヨン,シグナルP,KAITO,mid1D,hiA,
ジェニ,¿?,flower,mid2F,hihiA#,
ジェヘナ,wotaku,初音ミク,mid1G,hiG#,
しかばねの踊り,きくお,初音ミク,mid2A#,hiF#,
シザーハンズ,Nem,初音ミク,mid2B,hiG,
シスターセクトルージュ,nyanyannya,巡音ルカ,mid1F,hihiA#,
CITRUS,Orangestar,IA,mid1F,hiG,
CITRUS,Orangestar,ONE,mid1F,hiG#,
シニカルナイトプラン,Ayase,初音ミク,mid1E,hiF#,
シネマ,Ayase,初音ミク,mid2A,hihiD#,
Just Be Friends,Dixie Flatline,巡音ルカ,mid2A,hiG,
終末じゃない,ぬゆり,flower,mid2D#,hiF,
終末じゃない,ぬゆり,心華,mid2D#,hiF,
少年ブレイヴ,じん(自然の敵P),IA,mid1D,hiD,
ジャックポットサッドガール,syudou,初音ミク,mid2B,hihiD,
Shadow Shadow,Azari,flower,mid2D#,hiF#,
紗痲,煮ル果実,flower,mid2F,hihiA#,
シャルル,バルーン,flower,mid2A#,hihiA#,
ジャンキーナイトタウンオーケストラ,すりぃ,鏡音レン,mid2D#,hihiA#,hihiA#はフェイク最高音で歌詞中ではhiGが最高音
シャンティ,wotaku,KAITO,mid1C#,mid2F#,
上海飴色光響曲,はんにゃG,初音ミク,mid2F,hihihiD,
十三番目の黙示録,ひとしずくP×やま△,鏡音リン,mid1G,hiG,
十三番目の黙示録,ひとしずくP×やま△,鏡音レン,mid1D,hiC,
従属ふりったー,電ポルP,初音ミク,mid2B,hiB(hiD#),ラスサビ前のフェイクでhiD出現。主旋律での最高音はhiB
十面相,YM,GUMI,mid2D,hihiD,
純情スカート,40mP,初音ミク,mid1G#,hiD#,
春嵐,john,初音ミク,mid2C,hihiD,
少女A,椎名もた,鏡音リン,mid2D#,hiF,
少女レイ,みきとP,初音ミク,mid2A,hiF,
ショウタイム・ルーラー,カラスヤサボウ,鏡音リン,mid2D,hiG,
少年少女カメレオンシンプトム,Neru,鏡音リン,mid2C#,hihiB,
シリョクケンサ,40mP,GUMI,mid1G#,hiD#,
ジレンマ,DECO*27,初音ミク,mid1G#,hihiA,
白い雪のプリンセスは,のぼる↑P,初音ミク,mid2B,hiE,最高音は転調後のサビ。転調前の最高音はhiD#。
深海シティアンダーグラウンド,田中Ｂ,鏡音リン,mid2A,hihiB,
SING&SMILE,Re:A&Re:nG,初音ミク,mid2B,hihiA#,ラスサビで転調。転調前の最高音はサビのhihiA。
ジンクス,RuLu,flower,mid1D#,hiD#,
ジンクス,RuLu,初音ミク,mid1D#,hiD#,
シング＝ライカマジク,nyanyannya,初音ミク,mid1A,hihiC,
シンクロサイクロトロン・スピリチュアライザー。,砂粒,GUMI,mid2C#,hiD#,
人生リセットボタン,kemu,GUMI,mid2A,hiE,
人造エネミー,じん(自然の敵P),初音ミク,mid1F#,hihiE,
しんでしまうとはなさけない！,じーざすP,鏡音リン,mid2C,hihiA,「もっとなさけなああああい！」でhihiA相当
しんでしまうとはなさけない！,じーざすP,鏡音レン,mid1F#,hihiA,
死んでしまったのだろうか,Guiano,flower,mid1G,hihiA,
シンデレラ,DECO*27,初音ミク,mid2F,hihiA#,
しんどいね。,マイキP,flower,mid1G,hihiB,
心拍数♯0822,蝶々P,初音ミク,mid2D#,hiE,
Sweet Devil,八王子P,初音ミク,mid2D,hiF,
スカシユリ,biz,flower,mid2C#,hiF#,
好きじゃない！,とまつなぎ*,可不,mid2A,hihiB,
スキスキ絶頂症,koyori/電ポルP,GUMI,mid2C#,hiD#,
好きな惣菜発表ドラゴン,ンバヂ,重音テト,mid2B,hiD,
好き！雪！本気マジック,Mitchie M,初音ミク,mid2D,hiE,
StargazeR,骨盤P,初音ミク,mid2E,hiF#,VOCALOID史上最遅ミリオン達成曲(5762日)最高音はラスサビで1回のみそれ以外ではhiEが最高音
Starwail～星墜ノ刻～,ドンガリンゴP,初音ミク,mid1G#,hihihiE,
SNOBBISM,Neru&z'5,鏡音リン,mid2F#,hihiA#,
SNOBBISM,Neru&z'5,鏡音レン,mid2E,hihiA#,
ズル,ポリスピカデリー,羽累,mid2A,hiC#,
ずれていく,wowaka,初音ミク,mid2F,hihiC,hihiCはラストのロングトーンのみ。1オクターブ上下する音程が非常に多い
スロウダウナー,ろくろ,初音ミク,mid2D#,hihiB,GUMIパートは終始ハモリ
スロウダウナー,ろくろ,GUMI,mid1D#,hiG,
聖槍爆裂ボーイ,"れるりり,もじゃ",鏡音レン,mid2A,hiD#,
生命線,テンツク,GUMI,mid1F#,mid2G#,
セカイ,DECO*27,初音ミク,mid2A,hiF,
セカイ再信仰特区,ろくろ,初音ミク,mid2A#,hihiA#,
星界ちゃんと可不ちゃんのおつかい合騒曲,南ノ南,星界,mid2A,hihiA#,
星界ちゃんと可不ちゃんのおつかい合騒曲,南ノ南,可不,mid2C,hihiA,
セカイはまだ始まってすらいない,ピノキオピー,初音ミク,mid2C,hiF,
世界を壊している,Neru,鏡音リン,mid2A,hihiA,
絶対敵対メチャキライヤー,メドミア,初音ミク,mid1G#,hiG,
絶対敵対メチャキライヤー,メドミア,可不,mid1G#,hiG,
SETSUNA,SHIKI,初音ミク,,hiG,全体的に高音域。hiB、hiCが頻出。
セツナトリップ,Last Note.,GUMI,mid1G#,hiG,
刹那プラス,みきとP,初音ミク,mid1G#,hiD#,
Celestial Symphony,ミニスカP,初音ミク,,hiF#,ラスサビで転調。転調前はhiF。
ゼロトーキング,はるまきごはん,初音ミク,mid1G#,hiF#,
潜水艦トロイメライ,トーマ,GUMI,mid2A,hihiA#,
センチメンタルな愛慕心,なつめ千秋,GUMI,mid2A,hiD,
1000年生きてる,いよわ,初音ミク,lowD#,hihiD#,
想像フォレスト,じん(自然の敵P),IA,mid1D#,hihiA#,
Soar,流星P,初音ミク,,hiF,ラスサビで転調。転調前はhiE。
それがあなたの幸せとしても,Heavenz,巡音ルカ,mid1G#,hiE,
ゾンビ,DECO*27,初音ミク,mid1G#,hiE,
ゾンビ・ディスコティーク,デスおはぎ,重音テト,mid2C#,hiE,
タイトル,アーティスト名,ボーカル,最低,最高,備考
ダーリンダンス,かいりきベア,初音ミク,mid2F#,hihiC,
ダイダイダイダイダイキライ,雨良,初音ミク,mid1F,hiG#,サビのヒーカップ部分を含めると最高音はhihiF
ダイダイダイダイダイキライ,雨良,重音テト,mid1F,hiG#,
Dear,19's Sound Factory,,mid2A,hihiA,JOYSOUNDに企画入曲。
脱獄,Neru,鏡音リン,mid2D#,hiG#,
ダブルラリアット,アゴアニキ,巡音ルカ,mid1D,hiE,サビでhiE連発「はん【け】［い］はちじゅ【う】［ごセ］ンチがこの［手］の届く距離」　【hiE】［hiD］
だれかの心臓になれたなら,ユリイ・カノン,GUMI,mid1G#,hihiC,
ダンスロボットダンス,ナユタン星人,初音ミク,hiA,hihiA,
CH4NGE,Giga,可不,mid1D#,hiF#,
地球最後の告白を,kemu,GUMI,mid1F,hiG,
チュルリラ・チュルリラ・ダッダッダ！,和田たけあき,結月ゆかり,mid2A,hiF#,
チルドレンレコード,じん(自然の敵P),IA,mid2B,hihiF#,ラスサビで転調キー+2。それまでの最高音はサビとCメロのhihiE
つきうさぎ,OSTER project,初音ミク,mid2A#,hiG,hiGはCメロで2回。ラスサビで転調。ラストは18秒にも及ぶ超ロングトーン。
月歌,あわあわp,初音ミク,mid2D,hihiA,サビでhiG以上連発。ラストにhihiAのロングトーン。
帝国少女,R Sound Design,初音ミク,mid2B,hiE,
泥中に咲く,HarryP,初音ミク,mid2A#,hiF,
テオ,Omoi,初音ミク,mid2D#,hihiA,
デッドアンドシーク,じん(自然の敵P),IA,mid1E,hiF#,
テノヒラ,wowaka,初音ミク,,hihiC,
低音厨音域テスト,木村わいP,初音ミク,lowlowlowE,hiC,
Tell Your World,kz,初音ミク,mid2A#,hiG,2番サビ終わりのFakeでhiG#～hihiCまで出現
テレパシ,DECO*27,初音ミク,mid1G,hiD,
テロル,Neru,鏡音リン,mid2B,hihiA,
天樂,ゆうゆP,鏡音リン,mid2A,hihiA,
天才ロック,カラスヤスボウ,鏡音リン,mid1D,hiC,
どういうことなの！？,くちばしP,初音ミク,mid2A#,hiG#,サビでhiG#連発。
東京テディベア,neru,鏡音リン,mid2D,hihiA#,
トウキョウト・ロック・シティ,えのまるはいのことん,初音ミク,mid2B,hiC#,
透明アンサー,じん(自然の敵P),IA,mid1F#,hihiB,
とおせんぼ,wowaka,初音ミク,mid2C,hihiC,hihiCはすべてロングトーン。それ以外ではhiG#が最高。
ド屑,なきそ,歌愛ユキ,mid1F#,hiF,
ドクター＝ファンクビート,nyanyannya,KAITO,mid1D,hiD#,
Dreaming Leaf-ユメミルコトノハ-,OSTER project,初音ミク,mid2C#,hiF#,
永久に続く五線譜,デッドボールP,初音ミク,mid2D,hiG,転調前の最高音は、サビ前、サビ、Bメロで登場するhiE。転調後キー3個上がり。
タイトル,アーティスト名,ボーカル,最低,最高,備考
内臓ありますか,ピノキオピー,初音ミク,mid2C,hihiA,
ナンセンス文学,Eve,初音ミク,mid2B,hihiB,
ニア,夏代孝明,初音ミク,mid1C#,hiC#,
熱異常,いよわ,足立レイ,mid1G#,hihiG#,
ネトゲ廃人シュプレヒコール,さつきがてんこもり,初音ミク,mid2A,hiC,
ネロイズム,かいりきベア,鳴花ミコト,mid1G#,hiG#,
ノンブレス・オブリージュ,ピノキオピー,初音ミク,mid2A,hihiC,
タイトル,アーティスト名,ボーカル,最低,最高,備考
Perfect Crime,samfree,巡音ルカ,mid2C#,hiF,
Perfect Crime,samfree,鏡音レン,mid2C#,hiD#,
パーフェクト生命,ナユタン星人,初音ミク,mid2C,hiG#,
廃墟の国のアリス,まふまふ,初音ミク,mid1F#,hihiA,
拝啓ドッペルゲンガー,kemu,GUMI,mid2A,hiF#,
バイビーベイビーサヨウナラ,saiB,初音ミク,mid2C,hihiC#,
敗北の少年,kemu,GUMI,mid1F,hiC,
ハウトゥー世界征服,Neru,鏡音リン,mid2B,hihiB,
ハウトゥー世界征服,Neru,鏡音レン,mid2B,hihiB,
ハオ,DECO*27,初音ミク,mid1G,hiE,
馬鹿,syudou,初音ミク,mid2F,hihiB,
馬鹿はアノマリーに憧れる,鬱P,鏡音リン,mid2B,hiF#,鏡音リンの曲。デスヴォイスは調査対象外。
バグ,かいりきベア,初音ミク,mid2A#,hihiA#,
ハジマリノイロリターナー,nyanyannya,鏡音リン,mid1A,hihiC#,鏡音リン、レンの曲。レンの最高音はhiC#
ハジマリノイロリターナー,nyanyannya,鏡音レン,mid1A,hiC#,
パズルガール,とあ,初音ミク,mid1F#,hiE,
Bad ∞ End ∞ Night,ひとしずく×やまP,初音ミク,mid1G#,hihiA,
Bad ∞ End ∞ Night,ひとしずく×やまP,鏡音リン,mid2D#,hihiC,
Bad ∞ End ∞ Night,ひとしずく×やまP,鏡音レン,mid2A,hihiA,
Bad ∞ End ∞ Night,ひとしずく×やまP,巡音ルカ,mid2D#,hiC#,
Bad ∞ End ∞ Night,ひとしずく×やまP,KAITO,mid1F,mid2C#,
Bad ∞ End ∞ Night,ひとしずく×やまP,MEIKO,mid2B,hihiC#,
Bad ∞ End ∞ Night,ひとしずく×やまP,GUMI,mid2C,hiC#,
Bad ∞ End ∞ Night,ひとしずく×やまP,神威がくぽ,mid1A,mid2G#,
初音ミクの消失,cosMo＠暴走P,初音ミク,mid2A#,hiG#,早口部分が難しい。
Packaged,kz,初音ミク,mid2C,hiG,フェイクでhihiA#。1回目のフェイクの前でhiF歌いだしのサビなどそれまでの最高音はhiD。
初恋学園・純愛科,Nem,鏡音リン,mid1G,hiC,
初恋学園・純愛科,Nem,鏡音レン,mid1G,hiC,
初恋学園・純愛科,Nem,GUMI,mid1G,hiC,
初恋日記,香椎モイミ,音街ウナ,mid1F#,hiE,
PaⅢ.SENSATION,雄之助,初音ミク,mid2A#,hiD,
PaⅢ.SENSATION,雄之助,GUMI,mid2A#,hiD,
PaⅢ.SENSATION,雄之助,鏡音リン,mid2B,hiE,
ハッピーシンセサイザ,EasyPop,巡音ルカ,mid2C,hiC#,
ハッピーシンセサイザ,EasyPop,GUMI,mid2C,hiC#,
Happy Halloween,Junky,鏡音リン,mid2A#,hiF,
ハッピーホロウと神様倶楽部,ナノウ,初音ミク,mid2E,hiG#,
果てぬミライのその先へ,たべっこ,初音ミク,mid1G#,hiG#,サビ終わりのロングトーンはhihiCまで上昇
花降らし,n-buna,初音ミク,mid1G#,hiE,
花見る人,shr,鏡音レン,mid1G#,hiD,
花を唄う,シノ,初音ミク,mid1F#,hiF#,
バニー,すりぃ,鏡音レン,mid2F,hihiA,
バビロン,トーマ,初音ミク,mid1G#,hiF#,
HAKOBAKO PLAYER,アゴアニキ,鏡音リン,mid1G,hiD,鏡音リン、レンの曲。サビ「{い}【き】{て}い{ま}す」　{hiB} 【hiD】
HAKOBAKO PLAYER,アゴアニキ,鏡音レン,mid1G,hiD,
パメラ,バルーン,flower,mid2F#,hihiC,
パラサイト,DECO*27,初音ミク,mid2B,hihiA#,
Paranoid Doll,natsuP,神威がくぽ,mid1B,hiD,神威がくぽの曲。GACKTによってカバーされた。Aメロで低音連発、最低音はBメロ。最高音はラスサビの転調後。
パラメタ,40mP,初音ミク,mid2C,hiD#,
バレリーコ,みきとP,GUMI,mid1G#,hiD#,
ハロ／ハワユ,ナノウ,初音ミク,mid1G#,hiE,
パンダヒーロー,ハチ,GUMI,mid2A,hihiB,ラスサビでhihiBが1回。hiF#の使用回数が非常に多い。
Pandemic,融合P,GUMI,mid1G#,hihiA,
ビースト・ダンス,和田たけあき,音街ウナ,mid2B,hiC#,
Beat Eater,ポリスピカデリー,初音ミク,mid2D,hiD,
Be my Guest,Azari,歌愛ユキ,mid2D,hiD,
Be my Guest,Azari,flower,mid1F#,hiD,
被害妄想携帯女子(笑),ギガ,GUMI,lowF,hiF,lowFはイントロやサビ前部分それを除くと裁定音はmid1G#
卑怯戦隊うろたんだー！,シンP,KAITO,mid1D,mid2E,KAITO、MEIKO、初音ミクの曲。KAITOの高音部はmid2E。
卑怯戦隊うろたんだー！,シンP,MEIKO,,mid2F,
卑怯戦隊うろたんだー！,シンP,初音ミク,,mid2F,
ビターチョコデコレーション,syudou,初音ミク,mid2D,hiG,
ひとひらの,のりP,初音ミク,,hihiA,最高音はCメロで連発。それ以外ではhiEが最高。
人マニア,原口沙輔,重音テト,mid2D#,hiD#,
独りんぼエンヴィー,koyori(電ポルP),初音ミク,mid2B,hiD#,
ヒバナ,DECO*27,初音ミク,mid2B,hiD,
ビバハピ,Mithie M,初音ミク,,,
秘蜜～黒の誓い～,ひとしずくP,鏡音リン,mid1G,hiD#,
秘蜜～黒の誓い～,ひとしずくP,鏡音レン,mid1G,hiC,
秘密警察,ぶりるP,初音ミク,mid2C#,hihiC#,
百鬼祭,Kanaria,初音ミク,mid2A,hihiA,
病名恋ワズライ,HoneyWorks,GUMI,mid2A,hiF#,
病名は愛だった,Neru&z'5,鏡音リン,mid2D,hihiD,
病名は愛だった,Neru&z'5,鏡音レン,mid2B,hihiD,
Beyond the Way,ギガ,初音ミク,mid1F,hiG#(hihiG#),「uh 悟られそう」部分を含めるとミクパートの最低音はlowF。ラスサビにてミクコーラスのhihiC～hihiG#出現
Beyond the Way,ギガ,鏡音リン,mid1F,hiG#,
Beyond the Way,ギガ,鏡音レン,mid1C,hiG,
bin,猫アレルギー,音街ウナ,mid2D,hiG,
ぶちぬけ！２００８！,doriko,初音ミク,mid1G,hiF,
Fire◎Flower,halyosy,鏡音レン,mid1D,hiC,
フィクサー,ぬゆり,flower,mid2F#,hihiC#,
Booo!,TOKOTOKO（西沢さんP）,音街ウナ,mid2C,hiD#,
FortuneDiver,シンP,MEIKO,mid2B,hiD#,MEIKO、鏡音レン、初音ミクの曲
FortuneDiver,シンP,鏡音レン,mid2B,hiD#,
FortuneDiver,シンP,初音ミク,mid2B,hiD#,
フォニイ,ツミキ,可不,mid2A,hiG#,
福音,wotaku,初音ミク,mid2A,hiF,
福寿草,ぐにょ,初音ミク,mid2A#,hiD#,
フタリボシ,40mP,初音ミク,mid1F#,hiC#,
フタリボシ,40mP,GUMI,mid1F#,hiB,
from Y to Y,ジミーサムP,初音ミク,mid1F#,hiF#,最高音はCメロ。ラスサビで転調キー+1。
フラジール,ぬゆり,flower,mid2D#,hihiA#,
Blackjack,ゆちゃ,巡音ルカ,mid1G,hiA#,巡音ルカの曲。
ブラック★ロックシューター,supercell,初音ミク,mid1G#,hiD#,hiD#はサビに。mid1G#はAメロ。
ブリキノダンス,日向電工,初音ミク,mid2G,hihiC,
Blessing,halyosy,初音ミク,mid2D,hiF#,
Blessing,halyosy,巡音ルカ,mid2D,hiF#,
Blessing,halyosy,KAITO,mid1D,hiE,
Blessing,halyosy,鏡音レン,mid2D,hiF,
Blessing,halyosy,鏡音リン,mid1G,hiE,
Blessing,halyosy,MEIKO,mid2D,hiF#,
フロイライン=ビブリォチカ,nyanyannya!,MEIKO,mid1B,hihiC#,
flos,R Sound Design,初音ミク,mid1G#,hiF#,
プロトディスコ,ぬゆり,flower,mid2D,hihiA#,アウトロでhihiD#のフェイク出現
プロポーズ,内緒のピアス,可不,mid2D#,hihiA,
フロムトーキョー,"夏代孝明,渡辺拓也",初音ミク,mid2C,hihiA,
Paintër,halyosy,初音ミク,mid2C,hiF#,
Paintër,halyosy,鏡音リン,mid2C,hiF#,
Paintër,halyosy,鏡音レン,mid2D,hiC#,
Paintër,halyosy,巡音ルカ,mid2C,hiF,
Paintër,halyosy,KAITO,mid1D,hiA#,
Paintër,halyosy,MEIKO,mid2F,hiF#,
ヘッドフォンアクター,じん(自然の敵)P,IA,mid2A,hihiB,最高音も最低音も頻出。
ヘドニストの幸福な食卓,TaKU.K,GUMI,mid2E,hihiA#,
ベノム,かいりきベア,flower,mid2C#,hiG#,
ベベル,shr,鏡音リン,mid2D#,hiE,
偏食,香椎モイミ,初音ミク,mid2A#,hiA#,
Henceforth,Orangestar,IA,mid1F#,hihiA#,
放課後ストライド,Last Note.,GUMI,mid2B,hiE,
ぼうけんのしょがきえました！,じーざすP,鏡音リン,mid2A,hihiE,
ぼうけんのしょがきえました！,じーざすP,鏡音レン,mid1G,hiG,
方向音痴,アゴアニキ,初音ミク,mid2C#,hiB,「{あなたとす}【ご】{し}たこの{ま}(ち)が」　{hiA}【hiB】(mid2C#)
鳳仙花,黒澤まどか,初音ミク,mid1G#,hiE,
ポーカーフェイス,ゆちゃP,GUMI,mid2B,hiD,
僕らの記憶を掠わないで,rinri,鳴花ヒメ,mid2G,hihiA,
僕らの記憶を掠わないで,rinri,鳴花ミコト,mid1D,hihiD,
ホシアイ,レフティーモンスターP,GUMI,mid1E,hiF,
ポジティブ☆ダンスタイム,キノシタ,音街ウナ,mid2C#,hiG#,
ボッカデラベリタ,柊キライ,flower,mid1G#,hiG#,
ボッカデラベリタ,柊キライ,鏡音リン,mid2B,hiG#,
ポッピンキャンディ☆フィーバー！,キノシタ,音街ウナ,mid2C#,hihiA,
ポッピンキャンディ☆フィーバー！,キノシタ,鏡音リン,mid2C#,hiE,
potatoになっていく,Neru,鏡音リン,mid2A,hiF,
potatoになっていく,Neru,鏡音レン,mid1D#,mid2G#,
ホロン,wotaku,初音ミク,mid2C#,hihiA#,
ホワイトリリー,ケイエヌ,闇音レンリ,mid1F,hiG,
タイトル,アーティスト名,ボーカル,最低,最高,備考
マーシャル・マキシマイザー,柊マグネタイト,可不,mid2C#,hiF,
マオ,かいりきベア＆まふまふ,初音ミク,mid2B,hihiC#,ラスサビの転調後最高音登場「大事なのは ありのまま」
magnet,流星P,巡音ルカ,mid2A,hiE,
magnet,流星P,初音ミク,mid2A,hiF#,
マダラカルト,トーマ,GUMI,mid2B,hihiA,
マチガイサガシ,まふまふ,IA,mid1G#,hiG#,アプリゲーム『#コンパス 戦闘摂理解析システム』のキャラクター「ジャンヌダルク」のテーマソング
マトリョシカ,ハチ,初音ミク,mid1G#,hiE,
マトリョシカ,ハチ,GUMI,mid1G#,hiE,
魔法少女幸福論,トーマ,初音ミク,mid2A#,hihiD#,
魔法少女とチョコレゐト,キノピオピー,初音ミク,mid2C#,hiF,
魔法の本より,sui,初音ミク,mid2A#,hiF,
右肩の蝶,のりP,鏡音レン,mid1G,hiF,
みくみくにしてあげる♪,ika_mo,初音ミク,mid2E,hiE,mid2EはBメロで1回のみ。hiEはサビで連発。UGAにも入曲済
Mr.シャーデンフロイデ,ひとしずくP×やま△,初音ミク,mid1E,hihiB,GM Mr.Sのパートは対象外GUMIパートの最高音は二番サビオク上歌唱
Mr.シャーデンフロイデ,ひとしずくP×やま△,鏡音リン,mid2A#,hiG,
Mr.シャーデンフロイデ,ひとしずくP×やま△,鏡音レン,mid2A,hihiC,
Mr.シャーデンフロイデ,ひとしずくP×やま△,巡音ルカ,mid2A,hiB,
Mr.シャーデンフロイデ,ひとしずくP×やま△,KAITO,mid1A,mid2G,
Mr.シャーデンフロイデ,ひとしずくP×やま△,MEIKO,mid2A,hiG,
Mr.シャーデンフロイデ,ひとしずくP×やま△,GUMI,mid2A,hihiG,
Mr.シャーデンフロイデ,ひとしずくP×やま△,神威がくぽ,mid1A,mid2G,
Mr.Showtime,ひとしずくP×やま△,初音ミク,mid2C,hihiB,
Mr.Showtime,ひとしずくP×やま△,鏡音リン,mid1F,hihiA,
Mr.Showtime,ひとしずくP×やま△,鏡音レン,mid1D,hiC,
Mr.Showtime,ひとしずくP×やま△,巡音ルカ,mid2B,hiD,
Mr.Showtime,ひとしずくP×やま△,KAITO,mid1D,mid2G,
Mr.Showtime,ひとしずくP×やま△,MEIKO,mid1G#,hiF,
Mr.Music,かごめP&れるりり&ロンチーノ=ペペ,初音ミク,mid2C#,hiD#,
Mr.Music,かごめP&れるりり&ロンチーノ=ペペ,巡音ルカ,mid2C#,hiD#,
Mr.Music,かごめP&れるりり&ロンチーノ=ペペ,鏡音リン,mid2C#,hiD#,
Mr.Music,かごめP&れるりり&ロンチーノ=ペペ,鏡音レン,mid2C#,hiD#,
Mr.Music,かごめP&れるりり&ロンチーノ=ペペ,GUMI,mid2C#,hiD#,
Mr.Music,かごめP&れるりり&ロンチーノ=ペペ,歌愛ユキ,mid2C#,hiD#,
Mrs.Pumpkinの滑稽な夢,ハチ,初音ミク,mid1G,hiG#,
明星ギャラクティカ,ナユタン星人,初音ミク,,,
未来Changer,がさき,IA,hiC,hihiF,hihiCが終始頻出
ミラクルペイント,OSTER project,初音ミク,mid2A,hiF#,最高音hiF#はラスサビに5回。ラストはロングトーン三連発。ラスサビ以外はhiFが最高。
ミルククラウン・オン・ソーネチカ,ユジー,初音ミク,mid2B,hihiA,
㋰責任集合体,マサラダ,重音テト,mid1F,hiC#,
メーベル,バルーン,flower,mid2D#,hihiC#,
メカクシコード,じん(自然の敵P),初音ミク,mid2D,hihiE,hihiEはラストにhihiD、hihiBとのコンボで出てくる。それ以外の最高音はサビのhihiB。
メズマライザー,サツキ,初音ミク,mid2A#,hihiD,
メズマライザー,サツキ,重音テト,mid2A#,hihiD,
メタクロニクル,shr,鏡音リン,lowD,hiE,メロはmid1A頻出の低音構成で一番低い所はlowDまで下がる。
モニタリング,DECO*27,初音ミク,mid2A,hihiA,
メビウス,柊キライ,flower,mid2D,hihiC,
メランコリック,Junky,鏡音リン,mid2C,hiD#,
メリーバットエンド,まふまふ,初音ミク,mid2A,hihiA#,ラスサビ後の「あははははははは」はhihihiA#
メルティランドナイトメア,はるまきごはん,初音ミク,mid2B,hiF#,
メルト,supercell,初音ミク,mid2A,hihiA,hihiAはラスサビで1回のみ。それ以外では最高音hiG。サビの要となる高音はhiF#。
妄想感傷代償連盟,DECO*27,初音ミク,mid2C,hiD#,
猛独が襲う,一二三,初音ミク,mid1F#,hiF#,
モザイクロール(Reloaded),DECO*27,初音ミク,mid2B,hiD#,
モノクロアクト,doriko,,,hiE,
タイトル,アーティスト名,ボーカル,最低,最高,備考
やかん,木村わいP,初音ミク,mid2A,hihihihiA,最高音は約21秒のロングトーンでhihiAから2オクターブ上昇。
ヤキモチの答え,HoneyWorks,GUMI,mid2D,hiG,
野狗子,Peg,心華,mid2C#,hiD#,
ヤツメ穴,××××,ころんぱ4号,mid1E,hiA,
ヤツメ穴,××××,デフォ子,mid1E,hiB,
ヤンキーボーイ・ヤンキーガール,トーマ,初音ミク,mid2D,hihiA#,
ユアハイネス☆マイプリンセス,ぱんたん,神威がくぽ,mid1D#,hiB,
ユアハイネス☆マイプリンセス,ぱんたん,KAITO,mid1C,hiB,
ユアハイネス☆マイプリンセス,ぱんたん,鏡音レン,mid2C,hihiB,
ユアハイネス☆マイプリンセス,ぱんたん,氷山キヨテル,mid1D#,hiB,
u,shr,鏡音リン,mid1G,hiC#,
夕景イエスタデイ,じん(自然の敵P),IA,mid2B,hiF,
夕立のりぼん,みきとP,MAYU,mid1G#,hD#,
幽霊東京,Ayase,初音ミク,mid2A#,hiG#,
ゆるふわ樹海ガール,石風呂,初音ミク,mid2D,hiE,
夜明けと蛍,n-buna,初音ミク,mid1F#,hiG#,
酔いどれ知らず,Kanaria,GUMI,mid2A,hiE,
浴槽とネオンテトラ,REISAI,flower,mid2A,hihiA,
吉原ラメント,亜沙,重音テト,mid1G#,hiB,
夜咄ディセイブ,じん(自然の敵P),IA,mid2A,hiD,
夜もすがら君思ふ,TOKOTOKO（西沢さんP）,GUMI,mid2A#,hiC#,
45秒,れすぽん,初音ミク,mid2B,hiB,
45秒,れすぽん,GUMI,mid2B,hiB,
404：虚像,しとお,初音ミク,mid1G#,hiE,
タイトル,アーティスト名,ボーカル,最低,最高,備考
ライアーダンス,DECO*27,初音ミク,mid2C,hiE,
ラヴィ,すりぃ,鏡音レン,mid2C#,hihiC#,
ラヴィット,ピノキオピー,初音ミク,mid2C#,hihiA,
ラグトレイン,稲葉曇,歌愛ユキ,mid1G,hiD#,
L'azur,Treow（逆衝動P）,初音ミク,mid1G#,hihihiD#,歌詞部分の最高音はhihihiC#直後のフェイク(ロングトーン)が最高音hihihiD#
ラストリゾート,Ayase,初音ミク,mid1F#,hihiB,
ラットが死んだ,P.I.N.A.,初音ミク,mid2A,hiC,
ラブカ？,柊キライ,flower,mid2A,hiD,
ラブレター・フロム・メランコリー,カラスヤサボウ,初音ミク,mid2E,hiF#,
ラプンツェル,n-buna,初音ミク,mid2E,hiG#,
乱,人生P,,lowG#,hiB,猫村いろはの曲。全体的に低音構成。
リスキーゲーム,黒うさP,初音ミク,mid2A,hiF#,
Restriction,人生P,巡音ルカ,lowG#,hiA#,巡音ルカの曲。最低音は1番のラップ部分。Bメロのオク下パートでlowCあり
リミッター,niki,Lily,mid1G#,hiE,
リモコン,じーざすP,鏡音リン,mid1G#,hiG#,リンパートはFakeでhihiG#出現
リモコン,じーざすP,鏡音レン,mid1G#,hiD#,
lili.,有機酸,flower,mid2D#,hiD#,
リンカーネイション,kemu,GUMI,mid2C,hihiA,
リンカーネイション,kemu,鏡音リン,mid2C,hihiA,
臨界ダイバー,うみろ,flower,mid2B,hiF#,
ルーマー,ポリスピカデリー,GUMI,mid2A,hiB,
ルカルカ★ナイトフィーバー,samfree,巡音ルカ,mid2D#,hiD#,巡音ルカの曲。
ルシファー,¿?,flower,mid2C#,hihiE,
ルマ,かいりきベア,初音ミク,mid2A,hiD#,
レコード・レド,shr,鏡音リン,mid1G#,hiC,
レトルトアイロニー,スズム,,mid1A#,hiG,
レイワイテロリズム,じっぷす,,,hihiA,
レインコート／憧憬／嫌悪／理解,ヒッキーP,鏡音リン,mid2D#,hihiF,
レゾンデイトル・カレイドスコウプ,ツミキ,初音ミク,mid2A#,hihiD,
劣等上等,ギガ,鏡音リン,mid2B,hihiB,
劣等上等,ギガ,鏡音レン,mid2A,hihiB,
Ready Steady,ギガ,初音ミク,mid2D,hiF,
Ready Steady,ギガ,鏡音リン,mid2C,hiG(hihiA),
Ready Steady,ギガ,鏡音レン,mid1D,hiC,
レムの魔法,傘村トータ,初音ミク,mid1G#,hiG#,
レンアイゲーム,ひとしずくP×やま△,鏡音レン,mid1E,hiA#,サビのコーラスはhiA～hiE(hiFはラスサビ)
恋愛裁判,40mP,初音ミク,mid1G#,hiE,
恋愛フィロソフィア,黒うさP,初音ミク,mid2A#,hiG,
レントリリー,ジグ,初音ミク,mid2C,hihiA#,
ロウワー,ぬゆり,flower,mid2C#,hihiB,
ローリンガール,wowaka(現実逃避P),初音ミク,mid2D,hihiB,赤:hihiA青:hihiBサビ「言葉に意味を奏でながら」
ロキ,みきとP,鏡音リン,mid2B,hiE,
六兆年と一夜物語,kemu,IA,mid2A,hiF#,
ロケットサイダー,ナユタン星人,初音ミク,mid2A,hihiA,
炉心融解,iroha,鏡音リン,mid2A,hihiC#,緑:hiG#赤:hihiA青:hihiB紫:hihiC#サビはhiG#以上の高音が連発ラスサビ直前のシャウトはhihiB「核融合炉にさ 飛び込んでみたいと思うーーー」
ロスタイムメモリー,じん(自然の敵P),IA,mid2A,hihiD,
ロストワンの号哭,Neru,鏡音リン,mid2B,hihiB,
ロミオとシンデレラ,doriko,初音ミク,mid1G#,hiF,
ロメオ,LIP×LIP(HoneyWorks),初音ミク,mid2C,hihiA,
ロメオ,LIP×LIP(HoneyWorks),GUMI,mid2C,hihiA,
